login,password,indice,invite
test454,test454,1,@test454:matrix.allmende.io
testre,testre,2,@tesre:matrix.allmende.io
test456,test456,3,@test456:matrix.allmende.io
test01,test01,4,@test01:matrix.allmende.io
test02,test02,5,@test02:matrix.allmende.io
test03,test03,6,@test03:matrix.allmende.io
test04,test04,7,@test04:matrix.allmende.io
test05,test05,8,@test05:matrix.allmende.io
test06,test06,9,@test06:matrix.allmende.io
test07,test07,10,@test07:matrix.allmende.io
test08,test08,11,@test08:matrix.allmende.io
test09,test09,12,@test09:matrix.allmende.io
test10,test10,13,@test10:matrix.allmende.io
test11,test11,14,@test11:matrix.allmende.io
test12,test12,15,@test12:matrix.allmende.io
test13,test13,16,@test13:matrix.allmende.io
test14,test14,17,@test14:matrix.allmende.io
test15,test15,18,@test15:matrix.allmende.io
