login,password,indice,table,token
testre,testre,1,!DKOYZUuyjQhlDuRkVy,MDAyMGxvY2F0aW9uIG1hdHJpeC5hbGxtZW5kZS5pbwowMDEzaWRlbnRpZmllciBrZXkKMDAxMGNpZCBnZW4gPSAxCjAwMmRjaWQgdXNlcl9pZCA9IEB0ZXN0cmU6bWF0cml4LmFsbG1lbmRlLmlvCjAwMTZjaWQgdHlwZSA9IGFjY2VzcwowMDFkY2lkIHRpbWUgPCAxNDY4OTMwNjA0Mzg5CjAwMmZzaWduYXR1cmUgFlZfpeVlPCHL9agf9Fxz5EK6RaQ6i5Sk4awetqeMOaIK
test456,test456,2,!lJKuHOVZgELjtzuvTr,MDAyMGxvY2F0aW9uIG1hdHJpeC5hbGxtZW5kZS5pbwowMDEzaWRlbnRpZmllciBrZXkKMDAxMGNpZCBnZW4gPSAxCjAwMmVjaWQgdXNlcl9pZCA9IEB0ZXN0NDU2Om1hdHJpeC5hbGxtZW5kZS5pbwowMDE2Y2lkIHR5cGUgPSBhY2Nlc3MKMDAxZGNpZCB0aW1lIDwgMTQ2ODkzMDYzMTEzMgowMDJmc2lnbmF0dXJlIM43c91RBwkw_4i8PvwfN1wkjoPIEuR2oTWybK69ElVeCg
test01,test01,3,!qtqwukqXdDEsnNfPry,MDAyMGxvY2F0aW9uIG1hdHJpeC5hbGxtZW5kZS5pbwowMDEzaWRlbnRpZmllciBrZXkKMDAxMGNpZCBnZW4gPSAxCjAwMmRjaWQgdXNlcl9pZCA9IEB0ZXN0MDE6bWF0cml4LmFsbG1lbmRlLmlvCjAwMTZjaWQgdHlwZSA9IGFjY2VzcwowMDFkY2lkIHRpbWUgPCAxNDY4OTI5NzQ4MjYyCjAwMmZzaWduYXR1cmUg0sPxMBzITAj1Pw3yGtx1d6n-O67Jpb8uHVj646KXMM0K
test02,test02,4,!pxgGTigqaazdmJwZmi,MDAyMGxvY2F0aW9uIG1hdHJpeC5hbGxtZW5kZS5pbwowMDEzaWRlbnRpZmllciBrZXkKMDAxMGNpZCBnZW4gPSAxCjAwMmRjaWQgdXNlcl9pZCA9IEB0ZXN0MDI6bWF0cml4LmFsbG1lbmRlLmlvCjAwMTZjaWQgdHlwZSA9IGFjY2VzcwowMDFkY2lkIHRpbWUgPCAxNDY4OTI5Nzg0ODM5CjAwMmZzaWduYXR1cmUgZEMWcnatOW_bwbkiDilxyaU7-bJhy5TdbzCO1z8eXYEK
test03,test03,5,!VXFuHfwVLdwjUCVIfw,MDAyMGxvY2F0aW9uIG1hdHJpeC5hbGxtZW5kZS5pbwowMDEzaWRlbnRpZmllciBrZXkKMDAxMGNpZCBnZW4gPSAxCjAwMmRjaWQgdXNlcl9pZCA9IEB0ZXN0MDM6bWF0cml4LmFsbG1lbmRlLmlvCjAwMTZjaWQgdHlwZSA9IGFjY2VzcwowMDFkY2lkIHRpbWUgPCAxNDY4OTI5ODE0MTYzCjAwMmZzaWduYXR1cmUgqPsvxSrw-jCqaiXImqTX8g2asmXOe5DVyvVJdMAf2soK
test04,test04,6,!kLrnZteYaCrPjcdbLE,MDAyMGxvY2F0aW9uIG1hdHJpeC5hbGxtZW5kZS5pbwowMDEzaWRlbnRpZmllciBrZXkKMDAxMGNpZCBnZW4gPSAxCjAwMmRjaWQgdXNlcl9pZCA9IEB0ZXN0MDQ6bWF0cml4LmFsbG1lbmRlLmlvCjAwMTZjaWQgdHlwZSA9IGFjY2VzcwowMDFkY2lkIHRpbWUgPCAxNDY4OTMwMjY0MzE2CjAwMmZzaWduYXR1cmUgZBnl_2RpIakkSyEDPAKNMNQUMwXYWLGDCc26rMeav-0K
test05,test05,7,!LngJuUarNVafbeoEFX,MDAyMGxvY2F0aW9uIG1hdHJpeC5hbGxtZW5kZS5pbwowMDEzaWRlbnRpZmllciBrZXkKMDAxMGNpZCBnZW4gPSAxCjAwMmRjaWQgdXNlcl9pZCA9IEB0ZXN0MDU6bWF0cml4LmFsbG1lbmRlLmlvCjAwMTZjaWQgdHlwZSA9IGFjY2VzcwowMDFkY2lkIHRpbWUgPCAxNDY4OTMwMjk5NDIwCjAwMmZzaWduYXR1cmUgzjLnBmOvshmzeDYGiZs0R-kfAIb-RyXEvmTu2Oa6n3MK
test06,test06,8,!KYvdHXnWzcCzJFrDBM,MDAyMGxvY2F0aW9uIG1hdHJpeC5hbGxtZW5kZS5pbwowMDEzaWRlbnRpZmllciBrZXkKMDAxMGNpZCBnZW4gPSAxCjAwMmRjaWQgdXNlcl9pZCA9IEB0ZXN0MDY6bWF0cml4LmFsbG1lbmRlLmlvCjAwMTZjaWQgdHlwZSA9IGFjY2VzcwowMDFkY2lkIHRpbWUgPCAxNDY4OTMwMzQyMzAwCjAwMmZzaWduYXR1cmUgH-cjuDELh7tD4YBU5OYaFSpTHBajbIsIsqYZ_jqeP_kK
test07,test07,9,!YtsPEHZqsUFTYmeKOj,MDAyMGxvY2F0aW9uIG1hdHJpeC5hbGxtZW5kZS5pbwowMDEzaWRlbnRpZmllciBrZXkKMDAxMGNpZCBnZW4gPSAxCjAwMmRjaWQgdXNlcl9pZCA9IEB0ZXN0MDc6bWF0cml4LmFsbG1lbmRlLmlvCjAwMTZjaWQgdHlwZSA9IGFjY2VzcwowMDFkY2lkIHRpbWUgPCAxNDY4OTMwMzcwMjc1CjAwMmZzaWduYXR1cmUgp8CIqtPJjx82VCsIdnZrHD2GRIzZUWhzupDNXRauEiUK
test09,test09,10,!vxCbxVAoIVTWVsOvUk,MDAyMGxvY2F0aW9uIG1hdHJpeC5hbGxtZW5kZS5pbwowMDEzaWRlbnRpZmllciBrZXkKMDAxMGNpZCBnZW4gPSAxCjAwMmRjaWQgdXNlcl9pZCA9IEB0ZXN0MDk6bWF0cml4LmFsbG1lbmRlLmlvCjAwMTZjaWQgdHlwZSA9IGFjY2VzcwowMDFkY2lkIHRpbWUgPCAxNDY4OTMwNDEwMjY5CjAwMmZzaWduYXR1cmUg_P5uXRLeJ91wBTAk79dXvxoNYmrngRA1iUv1pUc27oAK
test10,test10,11,!VZDYpsvrpzwYrlDEC,MDAyMGxvY2F0aW9uIG1hdHJpeC5hbGxtZW5kZS5pbwowMDEzaWRlbnRpZmllciBrZXkKMDAxMGNpZCBnZW4gPSAxCjAwMmRjaWQgdXNlcl9pZCA9IEB0ZXN0MTA6bWF0cml4LmFsbG1lbmRlLmlvCjAwMTZjaWQgdHlwZSA9IGFjY2VzcwowMDFkY2lkIHRpbWUgPCAxNDY4OTMwNDMyMjQ5CjAwMmZzaWduYXR1cmUgUsfUN-9Q5OB31_58292jc1DJj2RC24YrcqCqNOFBzxMK
test11,test11,12,!gqWjJULYHqtPyXrTcS,MDAyMGxvY2F0aW9uIG1hdHJpeC5hbGxtZW5kZS5pbwowMDEzaWRlbnRpZmllciBrZXkKMDAxMGNpZCBnZW4gPSAxCjAwMmRjaWQgdXNlcl9pZCA9IEB0ZXN0MTE6bWF0cml4LmFsbG1lbmRlLmlvCjAwMTZjaWQgdHlwZSA9IGFjY2VzcwowMDFkY2lkIHRpbWUgPCAxNDY4OTMwNDc3MjI1CjAwMmZzaWduYXR1cmUg_e8WcwpDXykwFA71Qhb0mzU91sB9I8ZeJ9l5rpFDgsMK
test12,test12,13,!LzXHtHUHfeOeKSUBD,MDAyMGxvY2F0aW9uIG1hdHJpeC5hbGxtZW5kZS5pbwowMDEzaWRlbnRpZmllciBrZXkKMDAxMGNpZCBnZW4gPSAxCjAwMmRjaWQgdXNlcl9pZCA9IEB0ZXN0MTI6bWF0cml4LmFsbG1lbmRlLmlvCjAwMTZjaWQgdHlwZSA9IGFjY2VzcwowMDFkY2lkIHRpbWUgPCAxNDY4OTMwNDk3MTMyCjAwMmZzaWduYXR1cmUglbuUwp6dZ7qQVP8LNMZGmEu_pVkz06exu123NlArMaIK
test13,test13,14,!pefnApGWoRvPJAiBVh,MDAyMGxvY2F0aW9uIG1hdHJpeC5hbGxtZW5kZS5pbwowMDEzaWRlbnRpZmllciBrZXkKMDAxMGNpZCBnZW4gPSAxCjAwMmRjaWQgdXNlcl9pZCA9IEB0ZXN0MTM6bWF0cml4LmFsbG1lbmRlLmlvCjAwMTZjaWQgdHlwZSA9IGFjY2VzcwowMDFkY2lkIHRpbWUgPCAxNDY4OTMwNTMyOTY3CjAwMmZzaWduYXR1cmUgkn46kEJca4Kt6NGu4PQlD6x5rOcW2kJ6Mj0es4utG64K
test14,test14,15,!YZVAEdOVBqfvaTNpiK,MDAyMGxvY2F0aW9uIG1hdHJpeC5hbGxtZW5kZS5pbwowMDEzaWRlbnRpZmllciBrZXkKMDAxMGNpZCBnZW4gPSAxCjAwMmRjaWQgdXNlcl9pZCA9IEB0ZXN0MTQ6bWF0cml4LmFsbG1lbmRlLmlvCjAwMTZjaWQgdHlwZSA9IGFjY2VzcwowMDFkY2lkIHRpbWUgPCAxNDY4OTMwNTU1ODk4CjAwMmZzaWduYXR1cmUgVZg36iVtkyfIxbB4zxT64ot-fpTH6U6bSeH3QDCryX8K
test15,test15,16,!TrnTJuXMccYQPUkuIq,MDAyMGxvY2F0aW9uIG1hdHJpeC5hbGxtZW5kZS5pbwowMDEzaWRlbnRpZmllciBrZXkKMDAxMGNpZCBnZW4gPSAxCjAwMmRjaWQgdXNlcl9pZCA9IEB0ZXN0MTU6bWF0cml4LmFsbG1lbmRlLmlvCjAwMTZjaWQgdHlwZSA9IGFjY2VzcwowMDFkY2lkIHRpbWUgPCAxNDY4OTMwNTgzNzc3CjAwMmZzaWduYXR1cmUgWIKnsAE41T-4ouqvZWUwRY3Tes3oXt7qHAirgcLGPaUK
